Device,Training Time (s),Inference Time per Image (s)
cuda,457.94047474861145,0.00017715618014335632
cpu,35441.048035144806,0.017004478722810745
